BREVITEST,,,,,,,,,,,,,,,Datasheet Box Link: https://app.box.com/folder/379359319033,,,,,,,,,,,,,,,,,,,,,,,,
Tag #,Equiment,Bench/Floor,Location,QTY,Dimensions (Inches),,,Power,Watts,Amps,Generator,Notes,Location,Total Linch,Datasheet URL,,,,,,,,,,,,,,,,,,,,,,,,
Spec Sheet,,,,,W,D,H,,,,Power,,,,,,,,,,,,,,,,,,,,,,,,,,,,
B-01,tall glass door fridge,Floor,,1,24,26,60,120,264,2.3,Yes,Added,Manufacturing,24,https://americanbiotechsupply.com/product/abt-hc-10pg/,,,,,,,,,,,,,,,,,,,,,,,,
B-02,5' SPU build station 2 Tables,Floor,B-02,2,60,36,36,120,,,,"Need grounding,,ESD tables. need 1 NEW",Manufacturing,120,,,,,,,,,,,,,,,,,,,,,,,,,
B-03,SPU,Floor,B-22,50,8,5,4,120 (each),168,1.4,,on  new shelving  with own outlet,Open Lab,,,,,,,,,,,,,,,,,,,,,,,,,,
B-04,6' Work Tables,Floor,,2,72,36,36,N/A,N/A,N/A,,,Manufacturing,144,,,,,,,,,,,,,,,,,,,,,,,,,
B-05,8' Work Tables,Floor,,2,96,36,36,N/A,N/A,N/A,,,Manufacturing,192,,,,,,,,,,,,,,,,,,,,,,,,,
B-06,Middle Tables,Floor,,4,46,31,34,N/A,N/A,N/A,,,Manufacturing,184,,,,,,,,,,,,,,,,,,,,,,,,,
B-07,Middle Table 2,Floor,,1,56,24,34,N/A,N/A,N/A,,,Manufacturing,56,,,,,,,,,,,,,,,,,,,,,,,,,
B-08,Little table ,Floor,,1,60,24,25,N/A,N/A,N/A,,No power requirements,Manufacturing,60,,,,,,,,,,,,,,,,,,,,,,,,,
B-09,New Benches,Floor,,2,72,,36,N/A,N/A,N/A,,"New benches to replace 140"" counter",Manufacturing,144,,,,,,,,,,,,,,,,,,,,,,,,,
B-10,Heater,UC,,2,25,20,26,120,600,5.45,,Need plug undercounter,Manufacturing,,https://www.amazon.com/Commercial-Warming-Temperature-Capacity-Catering/dp/B0F244JVQD/ref=sr_1_5?dib=eyJ2IjoiMSJ9.SG9no2sNtRz4pGRk7vJqtrM2XAgn-Zp0MxT9je6sTwqhB0ZNWyPX_0XHDTOrmnqhjdtIaEsJQFXXm5VX_dhKEKXyreh25lSHI4YrvVv-rx5DsW988jit5gtwoBiM6oS_2B8jfNXjezrYDOjWkY-MyGTpHfMqpAW0d_8w0jDE29cfibjDLRsL4dduJx8MwIfvwg4C_oEWpvA7gbMh4wxtTRpy6Py4PVyxlqECl-8T9UA.3Sz233Nf1lnRy1UOO2cV4tLcMbemCE4EEqI9Ltfw6M4&dib_tag=se&hvadid=675388834244&hvdev=c&hvexpln=0&hvlocphy=9199188&hvnetw=g&hvocijid=3504619992950282015--&hvqmt=e&hvrand=3504619992950282015&hvtargid=kwd-2217994024039&hydadcr=26045_13484660&keywords=hot%2Bbox%2Bfood%2Bwarmer%2Belectric&mcid=7030608662e13c1993fc977fe3689828&qid=1761862230&refinements=p_36%3A-26500&rnid=2661611011&sr=8-5&th=1,,,,,,,,,,,,,,,,,,,,,,,,
B-11,6' Folding Tables,Floor,,3,72,25,29,N/A,N/A,N/A,,keep in lab for now,Manufacturing,,,,,,,,,,,,,,,,,,,,,,,,,,
B-12,White Fridge,Floor,,1,30,28,66,120,200,1.74,Yes,,Open Lab,30,https://americanbiotechsupply.com/product/abt-hc-ucbi-0404g-ada-4-6-cu-ft-premier-undercounter-refrigerator-built-in-ada/,,,,,,,,,,,,,,,,,,,,,,,,
B-13,Main R&D Fridge,Floor,,1,29,30,64,120,360,3,Yes,,Open Lab,29,https://www.frigidaire.com/en/p/kitchen/refrigerators/top-freezer-refrigerators/FFTR1814WW,,,,,,,,,,,,,,,,,,,,,,,,
B-14,-80 freezer,Floor,,1,22,22,31,120,80,1.5,Yes,,Open Lab,22,https://www.amazon.com/dp/B0BK92PQL4/ref=sspa_dk_detail_1?psc=1&pf_rd_p=7446a9d1-25fe-4460-b135-a60336bad2c9&pf_rd_r=57DB6ZTA9J09BGHB9P8K&pd_rd_wg=448gg&pd_rd_w=FSVgq&content-id=amzn1.sym.7446a9d1-25fe-4460-b135-a60336bad2c9&pd_rd_r=d00aefca-abd5-4152-b4be-1195fc58bb9b&sp_csd=d2lkZ2V0TmFtZT1zcF9kZXRhaWw,,,,,,,,,,,,,,,,,,,,,,,,
B-15,Clia Fridge,Floor,,1,31,30,64,120,100,1.4,Yes,,Open Lab,31,https://www.vanvreedes.com/appliances/refrigeration/specialty/compact-refrigerators/magic-chef/HMTR450SE?srsltid=AfmBOorY5dSaRvGvFXaIVTO6z0vkucF-ywnnbaEw6TYZP_Os4aXVcVpj,,,,,,,,,,,,,,,,,,,,,,,,
B-16,Small R&D Fridge,Floor,,1,34,34,33,120,136,1.18,Yes,,Open Lab,0,https://bath4all.com/products/edgestar-cmf151l-1-19-inch-wide-energy-star-rated-medical-freezer-white?srsltid=AfmBOorMp32Q5AFyiqTJ5p3TUV-892IdpB3WpEc6eQ9vggkJY8seTpSY,,,,,,,,,,,,,,,,,,,,,,,,
B-17,Small Freezer,top of 17,,1,19,18,19,120,120,1,Yes,Datasheet needed,Open Lab,0,https://www.frigidaire.com/en/p/kitchen/refrigerators/top-freezer-refrigerators/NFTR18X4QS?srsltid=AfmBOoqOVvE5Hq59tGZZUVwnNSdd1M0gR7wYsSBoqVzxw4aaGT1BIUOD,,,,,,,,,,,,,,,,,,,,,,,,
B-18,Black Chemical Cabinet,Floor,,1,36,24,76,N/A,N/A,N/A,,,Open Lab,36,,,,,,,,,,,,,,,,,,,,,,,,,
B-19,BioHazard Trash,Floor,,1,16,18,29,N/A,N/A,N/A,,,Open Lab,16,,,,,,,,,,,,,,,,,,,,,,,,,
B-20,White Board,Floor,,1,25,21,17,N/A,N/A,N/A,,,Open Lab,25,,,,,,,,,,,,,,,,,,,,,,,,,
B-21,6' Work Tables,Floor,,2,72,36,36,N/A,N/A,N/A,,Changed dimensions,Open Lab,144,,,,,,,,,,,,,,,,,,,,,,,,,
B-22,8' Work Tables,Floor,,2,96,36,36,N/A,N/A,N/A,,"Was clia table, changed dimensions",Open Lab,192,,,,,,,,,,,,,,,,,,,,,,,,,
B-23,New Benches,Floor,,2,72,,36,N/A,N/A,N/A,,"New benches to replace 170"" Clia counter",Open Lab,144,,,,,,,,,,,,,,,,,,,,,,,,,
B-24,Clia Cabinets,UC,,,120,16,29,N/A,N/A,N/A,,,,0,,,,,,,,,,,,,,,,,,,,,,,,,
B-25,Safety Cabinets,Floor,,2,18,25,36,N/A,N/A,N/A,,,Open Lab,36,,,,,,,,,,,,,,,,,,,,,,,,,
B-26,Wire Shelf,Floor,,2,35,16,72,N/A,N/A,N/A,,Black,Open Lab,70,,,,,,,,,,,,,,,,,,,,,,,,,
B-27,Tall black inventory ,Floor,,2,36,24,83,N/A,N/A,N/A,,Cabinet,Open Lab,72,,,,,,,,,,,,,,,,,,,,,,,,,
B-28,Small black inventory,Floor,,4,36,24,45,N/A,N/A,N/A,,Cabinet,Open Lab,144,,,,,,,,,,,,,,,,,,,,,,,,,
E-29,Lyophilizer,Bench,B-04,1,25,22,17,240,3300,15,Yes,Only instrument that requires more than 120V. Location: left wall (next to door),Open Lab,,https://www.thelabworldgroup.com/product/virtis-4k-benchtop-freeze-dryer/,,,,,,,,,,,,,,,,,,,,,,,,
B-30,Wire Shelf,Floor,,1,36,24,48,N/A,N/A,N/A,,Silver,Inventory,36,,,,,,,,,,,,,,,,,,,,,,,,,
B-31,Wire Shelf,Floor,,4,48,16,76,N/A,N/A,N/A,,Silver,Inventory,192,,,,,,,,,,,,,,,,,,,,,,,,,
B-32,Cardboard Shelf,Floor,,1,36,18,72,N/A,N/A,N/A,,,Inventory,36,,,,,,,,,,,,,,,,,,,,,,,,,
,,,,,,,,,,,,,,,,,,,,,,,,,,,,,,,,,,,,,,,
,Prototoyping lab,,,,,,,,,,,,,,,,,,,,,,,,,,,,,,,,,,,,,,
B-33,Table 1,,,1,94,36,35,N/A,N/A,N/A,,,Prototoyping lab,,,,,,,,,,,,,,,,,,,,,,,,,,
B-34,Table 2,,,1,60,25,35,N/A,N/A,N/A,,,Prototoyping lab,,,,,,,,,,,,,,,,,,,,,,,,,,
B-35,Soldering Table,Floor,,1,47,31,36,N/A,N/A,N/A,,,Prototoyping lab,,,,,,,,,,,,,,,,,,,,,,,,,,
,,,,,,,,,,,,,,,,,,,,,,,,,,,,,,,,,,,,,,,
BENCH EQUIPMENT ,,Location,BENCH ID,,,,,,,,,,,,,,,,,,,,,,,,,,,,,,,,,,,,
E-36,Opentron ,Bench  B-04,B-05,3,26,22,26,120,460,4,,,Manufacturing,,https://opentrons.com/products/robots/ot-2/,,,,,,,,,,,,,,,,,,,,,,,,
E-37,Cartridge Sealer,Bench,B-05,1,32,16,11,120,650,15,,,Manufacturing,,https://uspackagingandwrapping.com/files/Continuous%20band%20sealer%20flyer.pdf,,,,,,,,,,,,,,,,,,,,,,,,
E-38,Heat Sealer,Bench,,1,32,16,11,120,,,,,Manufacturing ,,,,,,,,,,,,,,,,,,,,,,,,,,
E-39,Computer Mac,Bench,B-05,,20,24,19,120,143,1.19,,,Manufacturing ,,https://www.apple.com/imac/specs/,,,,,,,,,,,,,,,,,,,,,,,,
E-40,Computer Laser Cutter ,Bench,B-33,,10,12,12,120,120,100,0.83,,Lenovo Yoga 9i 14IAP7,Manufacturing,https://psrefstuff.lenovo.com/syspool/Sys/PDF/datasheet/Yoga_9_14IAP7_datasheet_EN.pdf,,,,,,,,,,,,,,,,,,,,,,,,
E-41,Printer ,Bench,B-07,,18,16,12,120,500,4.17,,,Manufacturing ,,https://h20195.www2.hp.com/v2/getpdf.aspx/4AA7-4956EEP.pdf,,,,,,,,,,,,,,,,,,,,,,,,
E-42,Computer Inspection Station 1,Bench,B-07,,12,12,10,120,N/A,N/A,,,Manufacturing ,,,,,,,,,,,,,,,,,,,,,,,,,,
E-43,Computer Inspection Station 2,Bench,B-07,,12,12,10,120,N/A,N/A,,,Manufacturing ,,,,,,,,,,,,,,,,,,,,,,,,,,
E-44,Computer Inspection Station 3,Bench,B-07,,12,12,10,120,N/A,N/A,,,Manufacturing ,,,,,,,,,,,,,,,,,,,,,,,,,,
E-45,Press 1,Bench,B-06,,9,12,16,120,100,0.83,,,Manufacturing ,,https://www.amazon.com/dp/B0DTDMCCT5?ref=cm_sw_r_cp_ud_dp_Y7ADYM0X76AHHM128GJH&ref_=cm_sw_r_cp_ud_dp_Y7ADYM0X76AHHM128GJH&social_share=cm_sw_r_cp_ud_dp_Y7ADYM0X76AHHM128GJH,,,,,,,,,,,,,,,,,,,,,,,,
E-46,Press 2,Bench,B-06,,19,20,16,120,900,7.5,,,Manufacturing ,,https://www.amazon.com/VEVOR-Heat-Press-Clamshell-Sublimation/dp/B0BQMK3MQF?source=ps-sl-shoppingads-lpcontext&ref_=fplfs&smid=ATVPDKIKX0DER&gQT=1&th=1,,,,,,,,,,,,,,,,,,,,,,,,
E-47,Cell Oven,Bench,B-04,,14,15,16,120,600,5.45,,,Manufacturing ,,,,,,,,,,,,,,,,,,,,,,,,,,
E-48,Height Stand and Block,Bench,B-09,,14,9,15,N/A,N/A,N/A,,,Manufacturing ,,,,,,,,,,,,,,,,,,,,,,,,,,
E-49,MFG Scale,Bench,B-09,,16,11,6,120,12,0.1,,,Manufacturing ,,https://file.ussolid.com/content/USS-DBS/Instruction%20Manual-81.pdf,,,,,,,,,,,,,,,,,,,,,,,,
E-50,Fume Extractor,UC,B-33,,12,10,37,120,350,3,,,Manufacturing ,,https://assets.ctfassets.net/ljtyf78xujn2/2NoH2N4ZexK9DqfFwhKPRy/69805bb8080d46d15696b48af90dde58/Glowforge_Air_Filter_User_Manual_v._1.0__1_.pdf,,,,,,,,,,,,,,,,,,,,,,,,
E-51,Air compressor,UC,B-07,,15,13,12,120,336,2.8,,,Manufacturing ,,https://makitatools.com/products/details/MAC100Q,,,,,,,,,,,,,,,,,,,,,,,,
E-52,Paper Cutter,Bench,B-06,,15,13,3,N/A,N/A,N/A,,,Manufacturing ,,,,,,,,,,,,,,,,,,,,,,,,,,
E-53,Small glass door fridge 1,UC,B-09,,19,19,28,120,85,1.3,Yes,,Manufacturing ,,https://www.newair.com/products/newair-60-can-freestanding-black-beverage-fridge?srsltid=AfmBOorOpPqIgMRnrNvhtcMVy2Jr2jE4N8DGRkCnp_VDoIRRIJT1QAc8&view=product-page-variant-b,,,,,,,,,,,,,,,,,,,,,,,,
E-54,Small glass door fridge 2,UC,B-09,,19,19,28,120,85,1.3,Yes,,Manufacturing ,,https://www.newair.com/products/newair-126-can-freestanding-stainless-steel-beverage-fridge?srsltid=AfmBOorBtbOt7fsaceH4TeXsW0igYX7f-k4CJIc0Kpb1Lki-LylbAXO5&view=product-page-variant-b,,,,,,,,,,,,,,,,,,,,,,,,
E-55,In process Cartridge Fridge 1,UC,B-05,,24,23,32,120,200,1.74,Yes,,Manufacturing ,,https://americanbiotechsupply.com/product/abt-hc-ucbi-0404g-ada-4-6-cu-ft-premier-undercounter-refrigerator-built-in-ada/,,,,,,,,,,,,,,,,,,,,,,,,
E-56,In process Cartridge Fridges 1,UC,B-05,,24,23,32,120,200,1.74,Yes,,Manufacturing ,,https://americanbiotechsupply.com/product/abt-hc-ucbi-0404g-ada-4-6-cu-ft-premier-undercounter-refrigerator-built-in-ada/,,,,,,,,,,,,,,,,,,,,,,,,
E-57,Computer (Mac),Bench,B-21,,20,24,19,120,143,1.19,,,Open Lab,,https://www.apple.com/imac/specs/,,,,,,,,,,,,,,,,,,,,,,,,
E-58,Spectrophotometer,Bench,B-04,,18,17,10,120,150,1.25,,,Open Lab,,https://lifesciences.tecan.com/plate_readers/fluorescence_absorbance_luminescence?p=tab--5&_gl=1*1mqk2bp*_gcl_aw*R0NMLjE3NzczOTc0MjMuQ2p3S0NBand0Y0hQQmhBREVpd0FXbzNzSm9NUFdJS1dCSzZSMVdicWdwXzVQTGxhbHMtd1J6RElGaE9xckpUVGhaVGNWdU56UThvZV94b0NMbVVRQXZEX0J3RQ..*_gcl_au*MTA5NTUzOTEzNC4xNzc3Mzk3NDIy*_ga*MTU4MjM0MjU5LjE3NzczOTc0MjI.*_ga_72K82RR9Y8*czE3NzczOTc0MjEkbzEkZzEkdDE3NzczOTc0MjEkajYwJGwwJGgw,,,,,,,,,,,,,,,,,,,,,,,,
E-59,Main Scale,Bench,B-07,,9,14,14,120,6,0.05,,,Open Lab,,https://discountscales.com/products/ohaus-ax124-e-adventurer-analytical-balance-120-g-capacity-0-0001-g-readability?variant=36930207907998&country=US&currency=USD&utm_medium=product_sync&utm_source=google&utm_content=sag_organic&utm_campaign=sag_organic&gad_source=1&gad_campaignid=19891411607&gbraid=0AAAAABrwOr9HsxeVNVUY_-rKxtIqS92Ds&gclid=CjwKCAjwtcHPBhADEiwAWo3sJu1aqHjEbU9GoZYvmO6U_198O776xzla-8HpnID73TEYWi_z7uxa3BoCNn4QAvD_BwE,,,,,,,,,,,,,,,,,,,,,,,,
E-60,Fume Hood,Bench,B-09,,24,32,33,120,400,1.67,,,Open Lab,,https://americanlaboratorytrading.com/lab-equipment-products/airclean-systems-600-pcr-workstation-model-ac648lfuvc-14064/?gad_source=1&gad_campaignid=21148954974&gbraid=0AAAAA9UxONI5PRq6UUloK80_vsUbslVQ0&gclid=CjwKCAjwtcHPBhADEiwAWo3sJqO7Ikif9nCGYP4uUixuk6R1lGk9jdSZJjUthZHDhEeqF2Cqp9UsjBoCfAUQAvD_BwE,,,,,,,,,,,,,,,,,,,,,,,,
E-61,PH meter,Bench,B-21,,20,20,12,120,9,1,,,Open Lab,,https://www.thermofisher.com/order/catalog/product/VSTAR10?ef_id=Cj0KCQjw2MbPBhCSARIsAP3jP9zEJWmat--s4jfljhdIrXqIe4_P1tGsT4Gol0QYshkmSCbivNComSwaAslrEALw_wcB:G:s&s_kwcid=AL!3652!3!655755389403!!!g!!!20012026529!151988049087&cid=lpd_wlp_wal_r02_co_cp1462_pjt7348_lpd000000_0se_gaw_dy_awa_bntopmet&gad_source=1&gad_campaignid=20012026529&gbraid=0AAAAADxi_GQFeCHiO7fPLtw-Pe_eJ0DF2&gclid=Cj0KCQjw2MbPBhCSARIsAP3jP9zEJWmat--s4jfljhdIrXqIe4_P1tGsT4Gol0QYshkmSCbivNComSwaAslrEALw_wcB,,,,,,,,,,,,,,,,,,,,,,,,
E-62,hot plate 1,Bench,B-21,,15,11,5,120,50,0.42,,,Open Lab,,https://www.fishersci.com/shop/products/isotemp-stirrer/S88850200#?keyword=s88850200,,,,,,,,,,,,,,,,,,,,,,,,
E-63,hot plate 2,Bench,B-21,,15,11,5,120,100,0.83,,,Open Lab,,https://spwindustrial.com/premiere-xh-2002-slide-warmer-small-23-slide-capacity-1/?gad_source=1&gad_campaignid=17426985257&gbraid=0AAAAADNyV7zhN_HOsTnyjHf3Bx7hSSjbV&gclid=CjwKCAjwtcHPBhADEiwAWo3sJvGXhq4ZU__sOs_LR2cvI-19hDTQS59fIs8j3fMneSJDKaJ-2L0r7xoCicQQAvD_BwE,,,,,,,,,,,,,,,,,,,,,,,,
E-64,sonicator,Bench,B-21,,9,10,7,120,160,1.45,,,Open Lab,,https://www.zoro.com/isonic-ultrasonic-cleaner-2l-21-qt-heater-timer-for-jewelry-optical-and-reloading-use-p4810/i/G216213314/?utm_source=google&utm_medium=surfaces&utm_campaign=shopping%20feed&utm_content=free%20google%20shopping%20clicks&campaignid=392559248&productid=G216213314&v=&gclsrc=aw.ds&gad_source=1&gad_campaignid=392559248&gbraid=0AAAAADw3hZfGTV0P47_V_VZ0j6sxYtIgp&gclid=CjwKCAjwtcHPBhADEiwAWo3sJjn1hPaTI_YKjXsg3t06HOB-_tsduYWxx_CNABOxnL7UAdcVOQuWDBoC0mEQAvD_BwE,,,,,,,,,,,,,,,,,,,,,,,,
E-65,Lenovo Laptop (Spec),Bench,B-04,1,12.51,9.05,0.6,120,100,0.83,,,Manufacturing,,https://psrefstuff.lenovo.com/syspool/Sys/PDF/datasheet/Yoga_9_14IAP7_datasheet_EN.pdf,,,,,,,,,,,,,,,,,,,,,,,,
E-66,bead bath 1,Bench,B-21,,14,8,9,120,500,5,,,Open Lab,,https://www.coleparmer.com/p/lab-armor-waterless-bead-baths/61739?Ntt=bead+bath,,,,,,,,,,,,,,,,,,,,,,,,
E-67,bead bath 2,Bench,B-11,,14,8,9,120,500,5,,,Open Lab,,https://www.coleparmer.com/p/lab-armor-waterless-bead-baths/61739?Ntt=bead+bath,,,,,,,,,,,,,,,,,,,,,,,,
E-68,file cabinet,UC,B-11,,19,15,28,N/A,N/A,N/A,,,Open Lab,,,,,,,,,,,,,,,,,,,,,,,,,,
E-69,computer (mac),Bench,B-11,,20,24,19,120,143,1.19,,,Open Lab,,https://www.apple.com/imac/specs/,,,,,,,,,,,,,,,,,,,,,,,,
E-70,pipette holders 1,Bench,B-05,,12,6,8,N/A,N/A,N/A,,,Open Lab,,,,,,,,,,,,,,,,,,,,,,,,,,
E-71,pipette holders 2,Bench,B-11,,12,6,8,N/A,N/A,N/A,,,Open Lab,,,,,,,,,,,,,,,,,,,,,,,,,,
E-72,pipette holders 3,Bench,B-21,,12,6,8,N/A,N/A,N/A,,,Open Lab,,,,,,,,,,,,,,,,,,,,,,,,,,
E-73,pipette holders 4,Bench,B-23,,12,6,8,N/A,N/A,N/A,,,Open Lab,,,,,,,,,,,,,,,,,,,,,,,,,,
E-74,pipette holders 5,Bench,B-23,,12,6,8,N/A,N/A,N/A,,,Open Lab,,,,,,,,,,,,,,,,,,,,,,,,,,
E-75,Laser Cutter,Bench,B-33,,38,27,8,120,800,6.67,,,Prototyping,,https://glowforge.com/b/tech-specs/performance,,,,,,,,,,,,,,,,,,,,,,,,
E-76,CNC machine,Bench,B-34,1,20,18,17,120,240,2,,,Prototyping,,https://carbide3d.com/nomad/detail/,,,,,,,,,,,,,,,,,,,,,,,,
E-77,Form Printer,Bench,,1,16,12,23,120,,,,,Prototyping,,,,,,,,,,,,,,,,,,,,,,,,,,
E-78,Form Wash,Bench,B-33,1,10,10,13,120,50,2,,,Prototyping,,https://formlabs.com/store/post-processing/form-wash/,,,,,,,,,,,,,,,,,,,,,,,,
E-79,Form Cure,Bench,B-33,1,10,10,13,120,144,6,,,Prototyping,,https://formlabs.com/global/products/form-cure-1st-gen/,,,,,,,,,,,,,,,,,,,,,,,,
E-80,Elegoo,Bench,B-34,1,12,11,22,120,144,6,,,Prototyping,,https://www.amazon.com/dp/B0C5JM4WF6?ref=cm_sw_r_cp_ud_dp_G5VZKS6NSFM34341WEME&ref_=cm_sw_r_cp_ud_dp_G5VZKS6NSFM34341WEME&social_share=cm_sw_r_cp_ud_dp_G5VZKS6NSFM34341WEME,,,,,,,,,,,,,,,,,,,,,,,,
E-81,Incubator #1,Bench,B-05,1,5.9,4.3,3.9,120,60,0.5,,,,,https://www.hinotek.com/lab/minit-100/,,,,,,,,,,,,,,,,,,,,,,,,
E-82,Incubator #2,Bench,B-05,1,5.9,4.3,3.9,120,60,0.5,,,,,https://www.hinotek.com/lab/minit-100/,,,,,,,,,,,,,,,,,,,,,,,,
E-83,Incubator #3,Bench,B-05,1,5.9,4.3,3.9,120,60,0.5,,,,,https://www.hinotek.com/lab/minit-100/,,,,,,,,,,,,,,,,,,,,,,,,
E-84,Incubator #4,Bench,B-05,1,5.9,4.3,3.9,120,60,0.5,,,,,https://www.hinotek.com/lab/minit-100/,,,,,,,,,,,,,,,,,,,,,,,,
E-85,Heating Pad,Bench,B-05,1,3.15,3.94,,120,25,0.21,,,,,https://www.amazon.com/12V-Flexible-Silicone-Rubber-Heater/dp/B075WVPP5Y/ref=sr_1_17?crid=2YRJS7L8RR1GQ&dib=eyJ2IjoiMSJ9.ma83xQMMQTLbVFVfF9O9SYvA2DbLktJZmGhHpbzt6gsBmCzTEUvuRvPeXx301vSHFBG2WbGD9TYKEy1lAZpt0sELAyv8oh23_258sGPBUA0MJ4gg5XODlCok6vZ8PZWjzTYWjru9GMr-tI-P2Rl1G-JKM7BPanA_CgM53McUAKe696GzmV8imnpaoQtwwaNg2xvGDwe7wCpGnBgOnaJcvLjdHDwB0kcfkfip3VkF41gddPAv_jhbW-rGhVAL8KEuFG1IkiTYmLgWaULTxtYgQm0jx7TQtiVKI8xYktpltIw.rYQRUZQArTAP_tf3m_EK87SLtsk4BOd_1heUqpf-s8s&dib_tag=se&keywords=silicone%2Bheating%2Bpad&qid=1761860554&sprefix=silocone%2Bheating%2Bpad%2Caps%2C121&sr=8-17&th=1,,,,,,,,,,,,,,,,,,,,,,,,
E-86,Heating Pad,Bench,B-05,1,3.15,3.94,,120,25,0.21,,,,,https://www.amazon.com/12V-Flexible-Silicone-Rubber-Heater/dp/B075WVPP5Y/ref=sr_1_17?crid=2YRJS7L8RR1GQ&dib=eyJ2IjoiMSJ9.ma83xQMMQTLbVFVfF9O9SYvA2DbLktJZmGhHpbzt6gsBmCzTEUvuRvPeXx301vSHFBG2WbGD9TYKEy1lAZpt0sELAyv8oh23_258sGPBUA0MJ4gg5XODlCok6vZ8PZWjzTYWjru9GMr-tI-P2Rl1G-JKM7BPanA_CgM53McUAKe696GzmV8imnpaoQtwwaNg2xvGDwe7wCpGnBgOnaJcvLjdHDwB0kcfkfip3VkF41gddPAv_jhbW-rGhVAL8KEuFG1IkiTYmLgWaULTxtYgQm0jx7TQtiVKI8xYktpltIw.rYQRUZQArTAP_tf3m_EK87SLtsk4BOd_1heUqpf-s8s&dib_tag=se&keywords=silicone%2Bheating%2Bpad&qid=1761860554&sprefix=silocone%2Bheating%2Bpad%2Caps%2C121&sr=8-17&th=1,,,,,,,,,,,,,,,,,,,,,,,,
E-87,Deck Oven,Bench/Floor,B-05,1,24,24,27,120,600,5.45,,,,,,,,,,,,,,,,,,,,,,,,,,,,,
E-88,Cartridge Oven,Bench/Floor,B-05,1,24,24,27,120,600,5.45,,,,,,,,,,,,,,,,,,,,,,,,,,,,,
E-89,Galaxy Tablet,Bench,B-06,4,8,8,2,120,10,0.1,,,,,,,,,,,,,,,,,,,,,,,,,,,,,
,ROG Assume in Office space,,,,,,,,,,,,,,,,,,,,,,,,,,,,,,,,,,,,,,
E-90,Cage,Floor,,,120,80,3,N/A,N/A,N/A,,wall partitioning office and ROG,Not Shown,,,,,,,,,,,,,,,,,,,,,,,,,,
E-91,file Cabinet 1,Floor/UC,,,36,18,30,N/A,N/A,N/A,,,Not Shown,,,,,,,,,,,,,,,,,,,,,,,,,,
E-92,file cabinet 2,Floor/UC,,,36,18,30,N/A,N/A,N/A,,,Not Shown,,,,,,,,,,,,,,,,,,,,,,,,,,
