Inventory Code,Item,Current On Hand,CAS #,IFC Hazard Class,Physical State,HMIS Qty,HMIS Units,NFPA (H/F/R/Spec),Primary Chemical Name,Storage Code,Classification Notes,Inventory Link
D-001,Agarose,500 g,9012-36-6,NR,S,1.1023,LB,0/0/0/-,Agarose,M/1/4,[Medium] NFPA:explicit; no H-codes found,https://fannininnovationstudio.box.com/s/v8vkyc0hyior0hoc6wjv90olzg17elyb
D-002,Ammonium persulate,25 g (2); 100 g (1),7727-54-0,"TOX,OX2",S,0.3307,LB,3/0/0/OX,Ammonium persulate,M/1/4,"[High] H:H272,H302,H315,H317,H319,H334,H335,H402",https://www.sigmaaldrich.com/US/en/sds/sigma/a3678?srsltid=AfmBOorPQirNSo9xQ1wzJu8wtoqwntIHRh-CAW3ROYR4aWJrCQ4Yow7u
D-003,Bromphenol blue-xylene cyanole dye solution,5 mL,115-39-9 and 2650-17-1,TOX,L,0.0026,GA,3/0/0/-,Bromphenol blue-xylene cyanole dye solution,M/1/4,"[High] H:H319,H332,H360,H373,H402; manual-override:state",https://fannininnovationstudio.box.com/s/qsx67pmonxccevml5r5vv92p59is9cz3
D-004,BupH MES buffered saline packs,1 L,7732-18-5 and 7647-14-5 and 145224-94-8,NR,L,0.2642,GA,0/0/0/-,BupH MES buffered saline packs,M/1/4,[Medium] NFPA:explicit; no H-codes found,https://www.fishersci.com/store/msds?partNumber=AAJ61979AP&productDescription=MES-BUFFERD+SALINE+%28+6.5+500ML&vendorId=VN00024248&countryCode=US&language=en
D-005,Calcium chloride anhydrous,500 g,10043-52-4; 500 g,NR,S,1.1023,LB,0/0/0/-,Calcium chloride anhydrous,M/1/4,[High] no H-codes found; manual-override:state,https://fannininnovationstudio.box.com/s/houvx5pfbqx0jscosetkbmvzewyodhrw
D-006,Calcium chloride Dihydrate,50 g,10035-04-8,NR,S,0.1102,LB,1/0/0/-,Calcium chloride Dihydrate,M/1/4,[High] H:H319,https://fannininnovationstudio.box.com/s/ei4z87qle3s8mrg9jzz4qk2yngtqdzfk
D-007,Carbonate-bicarbonate buffer,100 capsules,497-19-8,NR,S,,,1/0/0/-,Carbonate-bicarbonate buffer,M/1/4,[High] H:H319; manual-override:state,https://www.sigmaaldrich.com/US/en/sds/sigma/c3041?userType=anonymous
D-008,Copper (II) sulfate pentahydrate,50 g,7758-99-8,"TOX,COR",S,0.1102,LB,3/0/0/-,Copper (II) sulfate pentahydrate,M/1/4,"[High] H:H302,H318,H400,H410",https://fannininnovationstudio.box.com/s/oka20yg8w3p1xphksnrevud84pv40vx6
D-009,Dimethyl sulfoxide,50 mL,67-68-5,C3A,L,0.0132,GA,0/1/0/-,Dimethyl sulfoxide,M/1/4,[High] H:H227; FP=87.2C,https://www.sigmaaldrich.com/US/en/sds/sigma/d8418?srsltid=AfmBOopoY2fKWP7fpNiF-Qou9Lxv2lC4iDo2IerdaZ-NSZC8JzKHLUFU
D-010,Desiccant-anhydrous,453.6 g,7778-18-9,NR,S,1,LB,0/0/0/-,Desiccant-anhydrous,M/1/4,"[High] H:H302,H317,H318,H319,H334,H341,H350,H351,H360,H401,H410,H412; manual-override:ifc,state,nfpa",https://secure.drierite.com/IndicatingDrieriteSDS.pdf
D-011,Electrophoresis Grade,50 ml,110-18-9,"COR,F1B",L,0.0528,GA,3/2/0/-,Electrophoresis Grade,M/1/4,"[High] H:H225,H302,H314,H318,H332; FP=21.0C; manual-override:ifc,state,nfpa",https://fannininnovationstudio.box.com/s/428hln355wsttgpyggsebupzgvi4iusb
D-012,Ethanolamine,25 ml,141-43-5,"TOX,COR,C3A",L,0.0066,GA,3/1/0/-,Ethanolamine,M/1/4,"[High] H:H227,H302,H312,H314,H332,H335,H401,H412; FP=91.1C",https://fannininnovationstudio.box.com/s/sxy3xjkrs3sjrgo4fr9q3nmo4yvx3yiq
D-013,EDTA,20 ml,6381-92-6,TOX,S,,,2/0/0/-,EDTA,M/1/4,"[High] H:H332,H373; manual-override:ifc,state,nfpa",https://fannininnovationstudio.box.com/s/ipvkg677r16mn8etcht5brob7n43uu07
D-014,Glycerol,1 L,56-81-5,C3B,L,0.2642,GA,1/1/0/-,Glycerol,M/1/4,"[High] FP=199.0C; no H-codes found; manual-override:ifc,state,nfpa",https://www.sigmaaldrich.com/US/en/sds/mm/356352-m?userType=anonymous
D-015,HEPES >99.5%,1000 ml,7365-45-9,NR,S,,,0/0/0/-,HEPES >99.5%,M/1/4,[Medium] no H-codes found,https://fannininnovationstudio.box.com/s/tk492o5wfd3a4dzg3323otucqztixb7t
D-016,Hydroxylamine HCL,250 mg,11/1/5470,"COR,TOX,OX1",S,0.0011,LB,3/3/1/OX,Hydroxylamine HCL,M/1/4,"[High] NFPA:explicit; no H-codes found; manual-override:ifc,state,nfpa",https://fannininnovationstudio.box.com/s/suyvrg5n7zsmb20tjbza3lgpa5enctdx
D-017,Ibuprofen,1 ml,15687-27-1,TOX,S,,,2/0/0/-,Ibuprofen,M/1/4,"[High] H:H302,H319,H335; manual-override:ifc,state,nfpa",https://fannininnovationstudio.box.com/s/1xruomzwgqht381ynmp9izlt9m34hanq
D-018,Imperial Protein stain,1 L,64-19-7 and 64-17-5,"COR,F1B",L,0.2642,GA,3/3/0/-,Imperial Protein stain,M/1/4,"[High] H:H314; NFPA:explicit; manual-override:ifc,state,nfpa",https://documents.thermofisher.com/TFS-Assets/LSG/SDS/24615_MTR-NALT_EN.pdf
D-019,Kynurenic acid,250 mg,492-27-3,NR,S,0.0006,LB,0/0/0/-,Kynurenic acid,M/1/4,[High] no H-codes found; manual-override:state,https://fannininnovationstudio.box.com/s/6ekvpozkozpkq45ftumk75y4b9xwuxss
D-020,L-Asorbic acid,1 g,50-81-7,NR,S,0.0022,LB,0/0/0/-,L-Asorbic acid,M/1/4,[High] no H-codes found; manual-override:state,https://fannininnovationstudio.box.com/s/wn5q1gjw56ikm3m0mvjlhchmb8pgbvc1
D-021,L-Krynurenine,25 mg,2922-83-0,NR,S,0.0001,LB,0/0/0/-,L-Krynurenine,M/1/4,[High] no H-codes found; manual-override:state,https://fannininnovationstudio.box.com/s/xzzw1i8nuezzxfcamkj6s5ctttmnwaix
D-022,L-Tryptophan,10 mg,73-22-3,NR,S,0,LB,0/0/0/-,L-Tryptophan,M/1/4,[Medium] no H-codes found,https://fannininnovationstudio.box.com/s/3lomk13wd1kyve52zm39p9ybhncgqlr3
D-023,Manganese (II) chloride solution,10 ml,1/5/7773,"TOX,COR",L,0.0026,GA,3/0/0/-,Manganese (II) chloride solution,M/1/4,"[High] H:H301,H318,H319,H373; manual-override:state",https://fannininnovationstudio.box.com/s/65d943vtpw4h90iprsg0zhu1vkbv54po
D-024,MES hydrate,25 g,1266615-59-1,NR,S,0.0551,LB,0/0/0/-,MES hydrate,M/1/4,[Medium] no H-codes found,https://www.sigmaaldrich.com/US/en/sds/sigma/m8250?userType=anonymous
D-025,phosphate buffered saline,1 L (2); 500 mL (3); 1000 mL,1 L (2); 500 mL (3); 1000 mL,NR,L,1.1888,GA,0/0/0/-,phosphate buffered saline,M/1/4,[Medium] no H-codes found,https://fannininnovationstudio.box.com/s/jx8pm9xaq6ft0evqurmsufxzxo9k9fke
D-026,Potassium Chloride,1 kg,7447-40-7; 1 kg,NR,?,2.2046,LB,0/0/0/-,Potassium Chloride,M/1/4,[Medium] no H-codes found,https://fannininnovationstudio.box.com/s/qox2mbomy7ilv7blrc88muno1p6qbwo6
D-027,Protein gel stain,1 L,1 L,"COR,F1B",L,1.0567,GA,2/3/0/-,Protein gel stain,M/1/4,"[High] H:H225,H318,H319,H402; manual-override:ifc,state,nfpa",https://fannininnovationstudio.box.com/s/lau2vcls7uzkrhv1ybl35mioc94xl3n6
D-028,PBS Tween-20,500 ml,J61544.K3,NR,L,0.3963,GA,0/0/0/-,PBS Tween-20,M/1/4,[Medium] NFPA:explicit; no H-codes found,https://fannininnovationstudio.box.com/s/640t0v49o49jges3ksa6z1m969nnf49u
D-029,Sodium bicarbonate,500 mg,144-55-8,NR,S,0.0033,LB,0/0/0/-,Sodium bicarbonate,M/1/4,[High] no H-codes found; manual-override:state,https://fannininnovationstudio.box.com/s/jv0a60fxl1zvfaau6f5r1rorhubbyvp2
D-030,Sodium Chloride,25 g,7647-14-5,NR,S,0.0551,LB,0/0/0/-,Sodium Chloride,M/1/4,[Medium] no H-codes found,https://fannininnovationstudio.box.com/s/n9aep4p05tfjid7aykmbnj4v4gu1m4x1
D-031,Sodium hydroxide,500 g,221465-500g,COR,S,1.1023,LB,3/0/0/-,Sodium hydroxide,M/1/4,"[High] H:H290,H314,H402",https://www.sigmaaldrich.com/US/en/sds/sigald/221465?userType=anonymous
D-032,Sodium phosphate dibasic heptahydrate,500 g,7782-85-6,NR,S,1.1023,LB,0/0/1/-,Sodium phosphate dibasic heptahydrate,M/1/4,[Medium] NFPA:explicit; no H-codes found,https://fannininnovationstudio.box.com/s/kt1j1qmvufqdotw94necaohzgpm9z9ev
D-033,Sodium Phosphate monobasic,100 g,7558-80-7,NR,S,0.8819,LB,0/0/0/-,Sodium Phosphate monobasic,M/1/4,[Medium] NFPA:explicit; no H-codes found,https://fannininnovationstudio.box.com/s/y7isifnbiqzwpp17k9rkmi3jz4jiopb9
D-034,Sucrose,100 mg,57-50-1,NR,S,0.0004,LB,0/1/0/-,Sucrose,M/1/4,[Medium] NFPA:explicit; no H-codes found,https://fannininnovationstudio.box.com/s/c8765jvqzu2o9py0kny42iqtclc2my78
D-035,SYPRO ruby stain,1 L,-,NR,L,0.2642,GA,0/0/0/-,SYPRO ruby stain,M/1/4,"[High] no H-codes found; manual-override:ifc,state,nfpa",https://www.sigmaaldrich.com/US/en/sds/sigma/s4942?userType=anonymous
D-036,TBE buffer (10x),1 L,10043-35-3 and 77-86-1 and 6381-92-6,NR,L,1.0567,GA,1/0/0/-,TBE buffer (10x),M/1/4,"[High] H:H315,H319,H335; manual-override:state",https://www.edvotek.com/site/pdf/Electrophoresis%20Buffer%2010x%20TBE.pdf?srsltid=AfmBOooRkWczft20sOOAehz5NXer5DG2MgESiLKoGAoMZWq0iB-QDZH2
D-037,Triethylamine,100 mg,121-44-8,"TOX,COR,F1B",L,0.0002,LB,3/3/0/-,Triethylamine,M/1/4,"[High] H:H225,H301,H311,H314,H331,H335,H370,H373,H401,H412; FP=-6.1C; manual-override:ifc,state,nfpa",https://fannininnovationstudio.box.com/s/jbu5onxmaglfnrd60qqqt7y7foavph40
D-038,Tris,1 kg,77-86-1; 1 kg,NR,S,2.2046,LB,0/0/0/-,Tris,M/1/4,[Medium] no H-codes found,https://fannininnovationstudio.box.com/s/zyd49xmj89w9nvy8g6rinkrqbjt1d0a1
D-039,Tris(2-carboxyethyl)phosphine hydrochloride,1 ml,51805-45-9,COR,S,,,3/0/0/-,Tris(2-carboxyethyl)phosphine hydrochloride,M/1/4,"[High] H:H315,H319; manual-override:ifc,state,nfpa",https://fannininnovationstudio.box.com/s/l0iu0qxib4ri0f6ai5eulo6sodxvu8wp
D-040,Triton X-100,1 g,9002-93-1 and 9036-19-5,"TOX,COR",L,0.0066,LB,2/1/0/-,Triton X-100,M/1/4,"[High] H:H302,H315,H318,H400,H410; FP=251.0C; manual-override:ifc,state,nfpa",https://fannininnovationstudio.box.com/s/uw6tng3m65pn08de5ykz1tveq2obzdfz
D-041,Tween-20,50 ml,9005-64-5,C3B,L,0.0528,GA,0/0/0/-,Tween-20,M/1/4,[High] FP=275.0C; no H-codes found; manual-override:state,https://fannininnovationstudio.box.com/s/sa3vu25qv715tl82e3kpdytdjo2bvdgo
D-042,"Ethyl alcohol, pure",100 ml,64-17-5,F1B,L,0.0264,GA,2/3/0/-,"Ethyl alcohol, pure",M/1/4,"[High] H:H225,H319; FP=12.8C; manual-override:ifc,state,nfpa",https://fannininnovationstudio.box.com/s/q94ydncp7159wwzey5f8rym4d83m79zh
D-043,Isopropyl alcohol,50 ml,67-63-0,F1B,L,0.0132,GA,1/3/0/-,Isopropyl alcohol,M/1/4,"[High] H:H225,H319,H336; FP=12.0C; manual-override:ifc,state,nfpa",https://fannininnovationstudio.box.com/s/c33h30ydjcgri35bosbjicb9renyhgwf
D-044,Acrylamide/bis solution,500 ml,"79-06-1, 110-26-9, and 7732-18-5","HTX,TOX",L,0.7925,GA,3/2/2/-,Acrylamide/bis solution,M/1/6,"[High] NFPA:explicit; no H-codes found; manual-override:ifc,state,nfpa",https://fannininnovationstudio.box.com/s/6cxf10yungmzx0eiqkdy1i3vmhmb1o5d
D-045,Bovine serum albumin,100 ml,9048-46-8,NR,S,,,0/0/0/-,Bovine serum albumin,M/1/6,[High] no H-codes found; manual-override:state,https://fannininnovationstudio.box.com/s/dq7bosb5l32fgxv7pwe2suhrrad9u7qv
D-046,Dextran dulfate sodium salt,5 g,9011-18-1,NR,S,0.011,LB,0/0/0/-,Dextran dulfate sodium salt,M/1/6,[High] no H-codes found; manual-override:state,https://fannininnovationstudio.box.com/s/bf0heg2vhy2hgfqbprtkii6v7s823sa6
D-047,DL-Dithiothreitol,10 ml,12/3/3483,"TOX,COR",S,,,3/0/0/-,DL-Dithiothreitol,M/1/6,"[High] H:H302,H315,H318,H402",https://fannininnovationstudio.box.com/s/m1c4zz8a5xm9y2xow6auslqsq2watr9m
D-048,Formaldehyde solution,100 ml,50-00-0,"HTX,COR,F1C",L,0.1321,GA,4/2/0/-,Formaldehyde solution,M/1/6,"[High] H:H226,H301,H311,H314,H317,H330,H335,H341,H350,H370,H401; FP=56.1C",https://fannininnovationstudio.box.com/s/zxq3h918rahv2k3qj0ddl7pw2wmv31nm
D-049,HEPES,100 ml,7365-45-9,NR,L,0.0264,GA,1/0/0/-,HEPES,M/1/6,[Medium] NFPA:explicit; no H-codes found,https://fannininnovationstudio.box.com/s/px5e3qhx5y4796om2w2bq9p68lzibu6j
D-050,L-Glutathione,100 ml,70-18-8,NR,S,,,0/0/0/-,L-Glutathione,M/1/6,[High] no H-codes found; manual-override:state,https://fannininnovationstudio.box.com/s/qkldma6hod3p2d9hc002p5d26rxxo3jo
D-051,1-lodo-3-methylbutane,20 g,541-28-6,"TOX,F1C",L,0.0441,LB,2/2/0/-,1-lodo-3-methylbutane,M/1/6,"[High] H:H226,H302; FP=40.0C",https://fannininnovationstudio.box.com/s/5jlllwjn1z213hl4ezv1q3eb4rghd5rw
D-052,Sulfo-NHS acetate,100 mg,152305-87-8,NR,S,0.0004,LB,1/0/0/-,Sulfo-NHS acetate,M/1/6,"[High] H:H315,H319,H335; manual-override:state",https://fannininnovationstudio.box.com/s/ze0afmlxjnrmz8bkfgsmva28yn05nghd
D-053,Streptavidin-agarose,100 g,9013-20-1 and 9012-36-6,NR,L,0.2205,LB,1/0/0/-,Streptavidin-agarose,M/1/6,"[High] H:H315,H319,H335; manual-override:state",https://fannininnovationstudio.box.com/s/ywgikj5se049uylcq4r6t937o0t33wjy
D-054,Tris(2-carboxyethyl)phosphine hydrochloride,1 ml,51805-45-9,COR,S,,,3/0/0/-,Tris(2-carboxyethyl)phosphine hydrochloride,M/1/6,"[High] H:H315,H319; manual-override:ifc,state,nfpa",https://fannininnovationstudio.box.com/s/l0iu0qxib4ri0f6ai5eulo6sodxvu8wp
D-055,Turbo TMB-ELISA,1 ml,54827-17-7,"TOX,OX1",L,0.0008,GA,2/1/1/OX,Turbo TMB-ELISA,M/1/6,"[High] NFPA:explicit; no H-codes found; manual-override:ifc,state,nfpa",https://fannininnovationstudio.box.com/s/5f07zc1y8nxefedm5j9gageolae6q9ds
